Date,AAPL,AMZN,GOOGL,META,MSFT,TSLA
2022-01-03,177.93971252441406,170.4044952392578,143.7171173095703,335.5929870605469,322.4623107910156,399.9266662597656
2022-01-04,175.68138122558594,167.52200317382812,143.13034057617188,333.6004943847656,316.9330749511719,383.1966552734375
2022-01-05,171.00830078125,164.35699462890625,136.56402587890625,321.3480529785156,304.7666931152344,362.7066650390625
2022-01-06,168.15359497070312,163.25399780273438,136.53680419921875,329.56585693359375,302.3584289550781,354.8999938964844
2022-01-07,168.31976318359375,162.5540008544922,135.81271362304688,328.9017333984375,302.51251220703125,342.32000732421875
2022-01-10,168.33932495117188,161.48599243164062,137.45069885253906,325.2140808105469,302.734130859375,352.7066650390625
2022-01-11,171.16468811035156,165.36199951171875,138.5078125,331.459228515625,303.4180603027344,354.79998779296875
2022-01-12,171.60462951660156,165.20700073242188,140.18740844726562,330.35894775390625,306.5872802734375,368.739990234375
2022-01-13,168.33932495117188,161.21400451660156,137.36892700195312,323.6379699707031,293.6117858886719,343.85333251953125
2022-01-14,169.1996307373047,162.13800048828125,138.25454711914062,329.0107421875,298.8134765625,349.8699951171875
2022-01-18,166.0027618408203,158.91749572753906,134.8026885986328,315.3804626464844,291.54058837890625,343.5033264160156
2022-01-19,162.51260375976562,156.2989959716797,133.92893981933594,316.80792236328125,292.19561767578125,331.8833312988281
2022-01-20,160.8310546875,151.66749572753906,132.1358184814453,313.8043518066406,290.5291748046875,332.0899963378906
2022-01-21,158.7780303955078,142.64300537109375,129.20582580566406,300.5308837890625,285.16363525390625,314.6333312988281
2022-01-24,158.00567626953125,144.54400634765625,129.65432739257812,306.0226135253906,285.49114990234375,310.0
2022-01-25,156.2068328857422,139.98599243164062,125.81932067871094,297.5372009277344,277.9004211425781,306.1333312988281
2022-01-26,156.1188507080078,138.87249755859375,128.09713745117188,292.0652160644531,285.8186950683594,312.4700012207031
2022-01-27,155.65939331054688,139.6374969482422,127.87115478515625,292.0752258300781,288.83380126953125,276.3666687011719
2022-01-28,166.52088928222656,143.97799682617188,132.17892456054688,299.0835266113281,296.9447326660156,282.1166687011719
2022-01-31,170.8714141845703,149.57350158691406,134.11427307128906,310.53302001953125,299.5649108886719,312.239990234375
2022-02-01,170.70523071289062,151.19349670410156,136.43421936035156,316.2230529785156,297.4263610839844,310.4166564941406
2022-02-02,171.9076690673828,150.6125030517578,146.69918823242188,320.1882629394531,301.95379638671875,301.88665771484375
2022-02-03,169.033447265625,138.8455047607422,141.8323516845703,235.6902618408203,290.1920471191406,297.0466613769531
2022-02-04,168.7495880126953,157.63949584960938,142.0335693359375,235.026123046875,294.7098693847656,307.7733459472656
2022-02-07,168.03500366210938,157.9355010986328,137.97752380371094,222.95216369628906,289.903076171875,302.4466552734375
2022-02-08,171.13804626464844,161.4134979248047,138.1737823486328,218.2633056640625,293.3805236816406,307.3333435058594
2022-02-09,172.55746459960938,161.1894989013672,140.34750366210938,229.9803924560547,299.7864074707031,310.6666564941406
2022-02-10,168.48526000976562,159.0034942626953,137.40162658691406,226.08462524414062,291.28057861328125,301.51666259765625
2022-02-11,165.07876586914062,153.2935028076172,133.1022491455078,217.63880920410156,284.2099609375,286.6666564941406
2022-02-14,165.31369018554688,155.16700744628906,134.33482360839844,215.8048858642578,284.1715087890625,291.9200134277344
2022-02-15,169.14109802246094,156.510498046875,135.40782165527344,219.076171875,289.4406433105469,307.4766540527344
2022-02-16,168.90618896484375,158.10049438476562,136.52735900878906,214.65501403808594,289.1028137207031,307.7966613769531
2022-02-17,165.31369018554688,154.65249633789062,131.3740692138672,205.90185546875,280.6373596191406,292.1166687011719
2022-02-18,163.76707458496094,152.60150146484375,129.25686645507812,204.3653564453125,277.9344482421875,285.6600036621094
2022-02-22,160.84999084472656,150.19749450683594,128.67254638671875,200.3208465576172,277.7317199707031,273.84332275390625
2022-02-23,156.6897430419922,144.82699584960938,126.46658325195312,196.72247314453125,270.5404357910156,254.67999267578125
2022-02-24,159.30337524414062,151.35800170898438,131.5247344970703,205.7928009033203,284.3632507324219,266.92333984375
2022-02-25,161.3688201904297,153.7884979248047,133.27767944335938,208.6477508544922,286.98883056640625,269.9566650390625
2022-02-28,161.6331024169922,153.56300354003906,133.86996459960938,209.19297790527344,288.41748046875,290.1433410644531
2022-03-01,159.75363159179688,151.14199829101562,132.8831787109375,201.71859741210938,284.71075439453125,288.1233215332031
2022-03-02,163.04269409179688,152.05250549316406,133.3887176513672,206.29837036132812,289.76885986328125,293.2966613769531
2022-03-03,162.71966552734375,147.89849853515625,132.7226104736328,201.20310974121094,285.6471252441406,279.7633361816406
2022-03-04,159.72427368164062,145.64100646972656,130.74710083007812,198.3184814453125,279.7975158691406,279.42999267578125
2022-03-07,155.93600463867188,137.4530029296875,125.2677230834961,185.83807373046875,269.22760009765625,268.1933288574219
2022-03-08,154.11524963378906,136.01449584960938,125.98735046386719,188.6334991455078,266.27392578125,274.79998779296875
2022-03-09,159.50892639160156,139.2790069580078,132.24732971191406,196.77200317382812,278.4847106933594,286.3233337402344
2022-03-10,155.17250061035156,146.8175048828125,131.2655487060547,193.51071166992188,275.6757507324219,279.4333190917969
2022-03-11,151.4624786376953,145.52450561523438,128.72903442382812,185.97683715820312,270.3473815917969,265.1166687011719
2022-03-14,147.4392852783203,141.85299682617188,124.84397888183594,185.00540161132812,266.8434143066406,255.4566650390625
2022-03-15,151.81491088867188,147.3665008544922,128.06243896484375,190.35833740234375,277.1815185546875,267.2966613769531
2022-03-16,156.21987915039062,153.10400390625,132.1090545654297,201.8573760986328,284.1703186035156,280.07666015625
2022-03-17,157.22811889648438,157.23899841308594,132.6626434326172,206.0307159423828,284.97137451171875,290.5333251953125
2022-03-18,160.51718139648438,161.25050354003906,134.92904663085938,214.60540771484375,290.0005798339844,301.7966613769531
2022-03-21,161.88760375976562,161.4915008544922,134.9052734375,209.6489715576172,288.7746276855469,307.0533447265625
2022-03-22,165.25498962402344,164.88900756835938,138.638671875,214.76402282714844,293.5045166015625,331.32666015625
2022-03-23,166.61563110351562,163.4080047607422,137.06016540527344,211.601806640625,289.0931701660156,333.03668212890625
2022-03-24,170.39414978027344,163.64950561523438,140.3276824951172,217.6586151123047,293.5431213378906,337.97332763671875
2022-03-25,171.03038024902344,164.77349853515625,140.42779541015625,219.88902282714844,293.1376647949219,336.8800048828125
2022-03-28,171.89181518554688,168.99049377441406,140.2122039794922,221.6436004638672,299.91400146484375,363.9466552734375
2022-03-29,175.1808624267578,169.31500244140625,141.2529754638672,227.85903930664062,304.4605407714844,366.5233459472656
2022-03-30,174.0159912109375,166.30099487304688,140.69094848632812,225.8665313720703,302.9643249511719,364.663330078125
2022-03-31,170.92271423339844,162.99749755859375,137.84518432617188,220.42431640625,297.6069641113281,359.20001220703125
2022-04-01,170.6290283203125,163.55999755859375,138.91867065429688,222.89268493652344,298.67852783203125,361.5299987792969
2022-04-04,174.6718292236328,168.34649658203125,141.7148895263672,231.8539581298828,304.03582763671875,381.8166809082031
2022-04-05,171.36317443847656,164.05499267578125,139.3553009033203,229.82180786132812,300.0877990722656,363.7533264160156
2022-04-06,168.201416015625,158.75599670410156,135.34783935546875,221.3561553955078,289.1028137207031,348.586669921875
2022-04-07,168.50485229492188,157.7845001220703,134.6941375732422,221.0092010498047,290.9079284667969,352.4200134277344
2022-04-08,166.49818420410156,154.4604949951172,132.1160125732422,220.39459228515625,286.66070556640625,341.8299865722656
2022-04-11,162.2498321533203,151.1219940185547,127.69123840332031,214.57566833496094,275.3572082519531,325.30999755859375
2022-04-12,164.1195068359375,150.78750610351562,126.59197998046875,212.27590942382812,272.2682800292969,328.98333740234375
2022-04-13,166.80162048339844,155.54100036621094,128.7523193359375,213.1184844970703,277.6352233886719,340.7900085449219
2022-04-14,161.7995147705078,151.7064971923828,125.61614227294922,208.35035705566406,270.11566162109375,328.3333435058594
2022-04-18,161.58413696289062,152.78500366210938,126.5543212890625,208.93521118164062,270.78173828125,334.7633361816406
2022-04-19,163.8649444580078,158.11549377441406,128.86631774902344,215.4182891845703,275.3957824707031,342.7166748046875
2022-04-20,163.6985321044922,153.9980010986328,126.91461944580078,198.67535400390625,276.41900634765625,325.73333740234375
2022-04-21,162.9056396484375,148.29600524902344,123.71747589111328,186.4328155517578,271.0616760253906,336.260009765625
2022-04-22,158.37344360351562,144.35000610351562,118.583984375,182.50730895996094,264.5170593261719,335.01666259765625
2022-04-25,159.44044494628906,146.07400512695312,121.99226379394531,185.3622589111328,270.9747314453125,332.67333984375
2022-04-26,153.4888153076172,139.39100646972656,117.6071548461914,179.37478637695312,260.83935546875,292.1400146484375
2022-04-27,153.26365661621094,138.16700744628906,113.2899398803711,173.42703247070312,273.38800048828125,293.836669921875
2022-04-28,160.18434143066406,144.59649658203125,117.48077392578125,203.93910217285156,279.5754699707031,292.5033264160156
2022-04-29,154.32086181640625,124.28150177001953,113.1065444946289,198.72488403320312,267.88580322265625,290.2533264160156
2022-05-02,154.6243133544922,124.5,115.55831146240234,209.29208374023438,274.5946044921875,300.9800109863281
2022-05-03,156.11219787597656,124.25350189208984,116.30271911621094,210.18426513671875,271.99798583984375,303.0833435058594
2022-05-04,162.51409912109375,125.92849731445312,121.18640899658203,221.4652099609375,279.913330078125,317.5400085449219
2022-05-05,153.45941162109375,116.40699768066406,115.48149871826172,206.46690368652344,267.7218017578125,291.09332275390625
2022-05-06,154.1848907470703,114.77249908447266,114.72916412353516,201.99618530273438,265.1927490234375,288.54998779296875
2022-05-09,149.06759643554688,108.78900146484375,111.52210235595703,194.50198364257812,255.3950958251953,262.3699951171875
2022-05-10,151.46939086914062,108.85900115966797,113.38954162597656,195.92942810058594,260.1443176269531,266.67999267578125
2022-05-11,143.6170196533203,105.37200164794922,112.60399627685547,187.09701538085938,251.50502014160156,244.6666717529297
2022-05-12,139.7545623779297,106.93049621582031,111.85218048095703,189.57522583007812,246.48550415039062,242.6666717529297
2022-05-13,144.21499633789062,113.05500030517578,115.0304946899414,196.89100646972656,252.05514526367188,256.5299987792969
2022-05-16,142.67588806152344,110.81050109863281,113.43911743164062,198.2986297607422,252.42196655273438,241.4566650390625
2022-05-17,146.30311584472656,115.36849975585938,115.44928741455078,200.85617065429688,257.5573425292969,253.8699951171875
2022-05-18,138.04879760742188,107.11250305175781,110.91597747802734,190.56654357910156,245.83082580566406,236.60333251953125
2022-05-19,134.6470947265625,107.31900024414062,109.41380310058594,189.6248016357422,244.92135620117188,236.47332763671875
2022-05-20,134.88233947753906,107.59100341796875,107.95076751708984,191.85520935058594,244.3601531982422,221.3000030517578
2022-05-23,140.2937469482422,107.55699920654297,110.50809478759766,194.5218048095703,252.18753051757812,224.96665954589844
2022-05-24,137.5978546142578,104.0999984741211,105.03860473632812,179.70193481445312,251.19094848632812,209.3866729736328
2022-05-25,137.75466918945312,106.7750015258789,104.87505340576172,182.22975158691406,253.9967803955078,219.60000610351562
2022-05-26,140.95054626464844,111.07749938964844,106.8450927734375,189.96185302734375,257.26702880859375,235.91000366210938
2022-05-27,146.6952362060547,115.14649963378906,111.32930755615234,193.43138122558594,264.3687438964844,253.2100067138672
2022-05-31,145.9109344482422,120.20950317382812,112.7621078491211,191.95436096191406,263.043212890625,252.75332641601562
2022-06-01,145.78350830078125,121.68399810791016,112.8909683227539,186.9978485107422,263.5754089355469,246.7899932861328
2022-06-02,148.23435974121094,125.51100158691406,116.58868408203125,197.12889099121094,265.66522216796875,258.3333435058594
2022-06-03,142.51904296875,122.3499984741211,113.5342788696289,189.11920166015625,261.25323486328125,234.51666259765625
2022-06-06,143.26409912109375,124.79000091552734,115.79373931884766,192.55902099609375,260.02459716796875,238.27999877929688
2022-06-07,145.78350830078125,123.0,116.11983489990234,193.9468231201172,263.6527404785156,238.8866729736328
2022-06-08,145.04827880859375,121.18000030517578,116.16394805908203,194.92822265625,261.6306457519531,241.86666870117188
2022-06-09,139.83297729492188,116.1500015258789,113.826171875,182.39825439453125,256.1931457519531,239.7066650390625
2022-06-10,134.43138122558594,109.6500015258789,110.18446350097656,174.04164123535156,244.77621459960938,232.22999572753906
2022-06-13,129.28472900390625,103.66999816894531,105.45738220214844,162.83010864257812,234.3945770263672,215.73666381835938
2022-06-14,130.1473846435547,102.30999755859375,105.77754974365234,162.30471801757812,236.5522003173828,220.88999938964844
2022-06-15,132.76487731933594,107.66999816894531,108.79975128173828,167.87579345703125,243.58615112304688,233.0
2022-06-16,127.50050354003906,103.66000366210938,105.1015396118164,159.4696044921875,237.0166015625,213.10000610351562
2022-06-17,128.97097778320312,106.22000122070312,106.20177459716797,162.31460571289062,239.60955810546875,216.75999450683594
2022-06-21,133.1961669921875,108.68000030517578,110.56361389160156,155.682861328125,245.5018768310547,237.0366668701172
2022-06-22,132.68643188476562,108.94999694824219,110.50760650634766,154.49331665039062,244.91168212890625,236.086669921875
2022-06-23,135.54898071289062,112.44000244140625,111.25546264648438,157.36805725097656,250.4556121826172,235.07000732421875
2022-06-24,138.8722686767578,116.45999908447266,116.93807983398438,168.67874145507812,259.0085754394531,245.7066650390625
2022-06-27,138.8722686767578,113.22000122070312,114.81541442871094,168.01458740234375,256.28985595703125,244.9199981689453
2022-06-28,134.7353057861328,107.4000015258789,111.02304077148438,159.28128051757812,248.1529541015625,232.663330078125
2022-06-29,136.49009704589844,108.91999816894531,110.71971893310547,162.51290893554688,251.81016540527344,228.49000549316406
2022-06-30,134.02947998046875,106.20999908447266,108.00528717041016,159.84628295898438,248.4915313720703,224.47332763671875
2022-07-01,136.1959686279297,109.55999755859375,107.78176879882812,158.6369171142578,251.15223693847656,227.26333618164062
2022-07-05,138.77423095703125,113.5,112.26749420166016,166.72586059570312,254.31607055664062,233.06666564941406
2022-07-06,140.10745239257812,114.33000183105469,113.56499481201172,168.29212951660156,257.5669860839844,231.73333740234375
2022-07-07,143.46998596191406,116.33000183105469,117.73897552490234,170.69107055664062,259.6859130859375,244.5433349609375
2022-07-08,144.14637756347656,115.54000091552734,118.30447387695312,169.39248657226562,258.9699401855469,250.76333618164062
2022-07-11,142.01907348632812,111.75,114.65977478027344,161.4621124267578,255.9221954345703,234.3433380126953
2022-07-12,142.98959350585938,109.22000122070312,113.01834869384766,161.84873962402344,245.4341583251953,233.07000732421875
2022-07-13,142.62689208984375,110.4000015258789,110.37479400634766,162.0668182373047,244.51499938964844,237.0399932861328
2022-07-14,145.54823303222656,110.62999725341797,109.39745330810547,156.67416381835938,245.83082580566406,238.31333923339844
2022-07-15,147.2147979736328,113.55000305175781,110.79505920410156,163.2662811279297,248.3851318359375,240.06666564941406
2022-07-18,144.1758270263672,113.76000213623047,108.07170867919922,165.77423095703125,245.99530029296875,240.54666137695312
2022-07-19,148.02845764160156,118.20999908447266,112.80967712402344,174.2498016357422,251.1038818359375,245.52999877929688
2022-07-20,150.02830505371094,122.7699966430664,112.89891052246094,181.49615478515625,253.7549285888672,247.5
2022-07-21,152.29283142089844,124.62999725341797,113.33503723144531,181.5754852294922,256.2415466308594,271.7066650390625
2022-07-22,151.0576629638672,122.41999816894531,106.9516372680664,167.79649353027344,251.90692138671875,272.24334716796875
2022-07-25,149.9400634765625,121.13999938964844,106.56505584716797,165.1992950439453,250.42662048339844,268.4333190917969
2022-07-26,148.6166229248047,114.80999755859375,104.09693908691406,157.7645721435547,243.72157287597656,258.8599853515625
2022-07-27,153.70452880859375,120.97000122070312,112.0662841796875,168.10379028320312,260.0148620605469,274.82000732421875
2022-07-28,154.25352478027344,122.27999877929688,113.21610260009766,159.3208770751953,267.43585205078125,280.8999938964844
2022-07-29,159.3119354248047,134.9499969482422,115.2976303100586,157.7150115966797,271.6252746582031,297.1499938964844
2022-08-01,158.33163452148438,135.38999938964844,113.85045623779297,158.5377960205078,268.98394775390625,297.27667236328125
2022-08-02,156.8611297607422,134.16000366210938,114.11808776855469,158.79551696777344,265.8974609375,300.586669921875
2022-08-03,162.86068725585938,139.52000427246094,117.04216003417969,167.33058166503906,273.2991027832031,307.39666748046875
2022-08-04,162.5469970703125,142.57000732421875,117.15119171142578,169.0851593017578,274.4407958984375,308.6333312988281
2022-08-05,162.3212432861328,140.8000030517578,116.43751525878906,165.6552734375,273.724853515625,288.1700134277344
2022-08-08,161.85000610351562,139.41000366210938,116.26902770996094,168.76795959472656,271.2189025878906,290.42333984375
2022-08-09,161.89910888671875,137.8300018310547,115.60490417480469,167.0629425048828,273.13458251953125,283.3333435058594
2022-08-10,166.13998413085938,142.69000244140625,118.64791107177734,176.7875213623047,279.7718811035156,294.3566589355469
2022-08-11,165.4037322998047,140.63999938964844,117.79547882080078,175.94493103027344,277.7013854980469,286.6300048828125
2022-08-12,168.94757080078125,143.5500030517578,120.61051940917969,178.9287109375,282.4326477050781,300.0299987792969
2022-08-15,170.01760864257812,143.17999267578125,121.00700378417969,179.31533813476562,283.94195556640625,309.32000732421875
2022-08-16,169.86050415039062,144.77999877929688,120.63034057617188,177.90769958496094,283.20660400390625,306.5633239746094
2022-08-17,171.35269165039062,142.10000610351562,118.4992446899414,173.32791137695312,282.4600524902344,303.9966735839844
2022-08-18,170.96005249023438,142.3000030517578,119.1137924194336,173.13955688476562,281.34503173828125,302.8699951171875
2022-08-19,168.37820434570312,138.22999572753906,116.17979431152344,166.4978790283203,277.447265625,296.6666564941406
2022-08-22,164.50054931640625,133.22000122070312,113.23590850830078,161.63064575195312,269.3027648925781,289.913330078125
2022-08-23,164.16676330566406,133.6199951171875,112.85926055908203,159.70753479003906,268.0326232910156,296.4533386230469
2022-08-24,164.4613037109375,133.8000030517578,112.69074249267578,161.83877563476562,267.4023132324219,297.0966796875
2022-08-25,166.91551208496094,137.27999877929688,115.62472534179688,167.3107452392578,270.36932373046875,296.07000732421875
2022-08-26,160.62290954589844,130.75,109.37019348144531,160.37168884277344,259.9364929199219,288.0899963378906
2022-08-29,158.42393493652344,129.7899932861328,108.45826721191406,157.78439331054688,257.16351318359375,284.82000732421875
2022-08-30,155.99916076660156,128.72999572753906,107.98249816894531,155.79190063476562,254.9722900390625,277.70001220703125
2022-08-31,154.34014892578125,126.7699966430664,107.2688217163086,161.5116729736328,253.51783752441406,275.6099853515625
2022-09-01,155.0666046142578,127.81999969482422,108.77545928955078,163.92051696777344,252.48043823242188,277.1600036621094
2022-09-02,152.95594787597656,127.51000213623047,106.90206909179688,158.92440795898438,248.27243041992188,270.2099914550781
2022-09-06,151.6994171142578,126.11000061035156,105.8712158203125,157.15989685058594,245.54788208007812,274.4200134277344
2022-09-07,153.10321044921875,129.47999572753906,108.48800659179688,158.99380493164062,250.2406768798828,283.70001220703125
2022-09-08,151.6307373046875,129.82000732421875,107.42740631103516,160.64926147460938,250.65757751464844,289.260009765625
2022-09-09,154.48736572265625,133.27000427246094,109.67747497558594,167.67752075195312,256.4169616699219,299.67999267578125
2022-09-12,160.43638610839844,136.4499969482422,109.8856201171875,167.4892120361328,258.54034423828125,304.4200134277344
2022-09-13,151.02206420898438,126.81999969482422,103.4030990600586,151.79696655273438,244.3262176513672,292.1300048828125
2022-09-14,152.4651336669922,128.5500030517578,104.0771255493164,150.1514434814453,244.5491943359375,302.6099853515625
2022-09-15,149.57896423339844,126.27999877929688,102.00550079345703,148.2481689453125,237.9171905517578,303.75
2022-09-16,147.93955993652344,123.52999877929688,101.89646911621094,145.0165252685547,237.2966766357422,303.3500061035156
2022-09-19,151.65029907226562,124.66000366210938,102.16410064697266,146.7314453125,237.0833740234375,309.07000732421875
2022-09-20,154.02598571777344,122.19000244140625,100.25104522705078,144.81826782226562,235.07632446289062,308.7300109863281
2022-09-21,150.9042205810547,118.54000091552734,98.40740203857422,140.88279724121094,231.68276977539062,300.79998779296875
2022-09-22,149.94219970703125,117.30999755859375,99.25984191894531,141.57675170898438,233.65106201171875,288.5899963378906
2022-09-23,147.67449951171875,113.77999877929688,97.87213134765625,139.18768310546875,230.68414306640625,275.3299865722656
2022-09-26,148.00828552246094,115.1500015258789,97.30715942382812,135.18287658691406,230.2283935546875,276.010009765625
2022-09-27,148.9801483154297,114.41000366210938,96.6430435180664,133.23001098632812,229.2200469970703,282.94000244140625
2022-09-28,147.09532165527344,118.01000213623047,99.17063903808594,140.37728881835938,233.73829650878906,287.80999755859375
2022-09-29,139.87014770507812,114.80000305175781,96.56375122070312,135.2225341796875,230.27687072753906,268.2099914550781
2022-09-30,135.66851806640625,113.0,94.8093032836914,134.49887084960938,225.81680297851562,265.25
2022-10-03,139.84068298339844,115.87999725341797,97.77302551269531,137.4033966064453,233.41831970214844,242.39999389648438
2022-10-04,143.423828125,121.08999633789062,100.74665832519531,139.058837890625,241.310791015625,249.44000244140625
2022-10-05,143.71832275390625,120.94999694824219,100.53850555419922,137.7701416015625,241.6210174560547,240.80999755859375
2022-10-06,142.76612854003906,120.30000305175781,100.5285873413086,137.85940551757812,239.28431701660156,238.1300048828125
2022-10-07,137.52392578125,114.55999755859375,97.81266021728516,132.2882843017578,227.11599731445312,223.07000732421875
2022-10-10,137.84786987304688,113.66999816894531,96.9998779296875,132.62533569335938,222.27780151367188,222.9600067138672
2022-10-11,136.43423461914062,112.20999908447266,96.32586669921875,127.42103576660156,218.5545654296875,216.5
2022-10-12,135.80593872070312,112.9000015258789,96.7025146484375,126.39009094238281,218.8842315673828,217.24000549316406
2022-10-13,140.3708038330078,112.52999877929688,98.18932342529297,129.1558074951172,227.11599731445312,221.72000122070312
2022-10-14,135.84524536132812,106.9000015258789,95.71131134033203,125.65653228759766,221.6087646484375,204.99000549316406
2022-10-17,139.80142211914062,113.79000091552734,99.09133911132812,132.87313842773438,230.3059844970703,219.35000610351562
2022-10-18,141.1168975830078,116.36000061035156,99.88431549072266,131.64395141601562,231.24649047851562,220.19000244140625
2022-10-19,141.224853515625,115.06999969482422,98.75433349609375,132.07020568847656,229.28793334960938,222.0399932861328
2022-10-20,140.76348876953125,115.25,99.09133911132812,130.385009765625,228.9679412841797,207.27999877929688
2022-10-21,144.57241821289062,119.31999969482422,100.24114227294922,128.8782196044922,234.75633239746094,214.44000244140625
2022-10-24,146.71246337890625,119.81999969482422,101.61891174316406,128.5907745361328,239.73037719726562,211.25
2022-10-25,149.54949951171875,120.5999984741211,103.56169128417969,136.3129425048828,243.03665161132812,222.4199981689453
2022-10-26,146.6143035888672,115.66000366210938,94.09562683105469,128.68991088867188,224.28485107421875,224.63999938964844
2022-10-27,142.1476287841797,110.95999908447266,91.40945434570312,97.08741760253906,219.85382080078125,225.08999633789062
2022-10-28,152.88723754882812,103.41000366210938,95.44367218017578,98.33645629882812,228.69642639160156,228.52000427246094
2022-10-31,150.5312042236328,102.44000244140625,93.6793212890625,92.34902954101562,225.07017517089844,227.5399932861328
2022-11-01,147.8905029296875,96.79000091552734,89.6748275756836,94.37126159667969,221.2306365966797,227.82000732421875
2022-11-02,142.3734130859375,92.12000274658203,86.20559692382812,89.75183868408203,213.4060821533203,214.97999572753906
2022-11-03,136.3361053466797,89.30000305175781,82.69670867919922,88.13602447509766,207.73399353027344,215.30999755859375
2022-11-04,136.07057189941406,90.9800033569336,85.81901550292969,89.9996566772461,214.65684509277344,207.47000122070312
2022-11-07,136.6015625,90.52999877929688,87.71223449707031,95.87804412841797,220.9397735595703,197.0800018310547
2022-11-08,137.171875,89.9800033569336,88.11863708496094,95.63021850585938,221.90933227539062,191.3000030517578
2022-11-09,132.6191864013672,86.13999938964844,86.55250549316406,100.58670043945312,217.68191528320312,177.58999633789062
2022-11-10,144.41891479492188,96.62999725341797,93.11434936523438,110.89615631103516,235.5902099609375,190.72000122070312
2022-11-11,147.20166015625,100.79000091552734,95.5626220703125,112.03614807128906,239.59458923339844,195.97000122070312
2022-11-14,145.8053436279297,98.48999786376953,94.8588638305664,113.22570037841797,234.2037353515625,190.9499969482422
2022-11-15,147.53598022460938,98.94000244140625,97.57477569580078,116.06079864501953,234.6109161376953,194.4199981689453
2022-11-16,146.30685424804688,97.12000274658203,97.9811782836914,112.24432373046875,235.03871154785156,186.9199981689453
2022-11-17,148.20465087890625,94.8499984741211,97.4954833984375,110.47981262207031,234.99012756347656,183.1699981689453
2022-11-18,148.76512145996094,94.13999938964844,96.57366180419922,111.07459259033203,234.54287719726562,180.19000244140625
2022-11-21,145.5398712158203,92.45999908447266,94.75975036621094,108.9036636352539,235.3498992919922,167.8699951171875
2022-11-22,147.67364501953125,93.19999694824219,96.1969985961914,110.46990203857422,238.24742126464844,169.91000366210938
2022-11-23,148.54881286621094,94.12999725341797,97.5946044921875,111.262939453125,240.726806640625,183.1999969482422
2022-11-25,145.63819885253906,93.41000366210938,96.60338592529297,110.440185546875,240.63931274414062,182.86000061035156
2022-11-28,141.8131103515625,93.94999694824219,95.2057876586914,107.83306121826172,235.0679168701172,182.9199981689453
2022-11-29,138.8140106201172,92.41999816894531,94.35334777832031,108.50714111328125,233.67747497558594,180.8300018310547
2022-11-30,145.55950927734375,96.54000091552734,100.10237884521484,117.0719223022461,248.07754516601562,194.6999969482422
2022-12-01,145.8348388671875,95.5,100.10237884521484,119.39155578613281,247.6400146484375,194.6999969482422
2022-12-02,145.34323120117188,94.12999725341797,99.55720520019531,122.41500091552734,247.96087646484375,194.86000061035156
2022-12-05,144.1829071044922,91.01000213623047,98.60563659667969,121.36422729492188,243.2742919921875,182.4499969482422
2022-12-06,140.52496337890625,88.25,96.12761688232422,113.1265869140625,238.3349151611328,179.82000732421875
2022-12-07,138.58786010742188,88.45999908447266,94.10555267333984,112.93824005126953,237.6056671142578,174.0399932861328
2022-12-08,140.26931762695312,90.3499984741211,92.8863525390625,114.32603454589844,240.55178833007812,173.44000244140625
2022-12-09,139.78749084472656,89.08999633789062,92.01408386230469,114.89106750488281,238.62660217285156,179.0500030517578
2022-12-12,142.07862854003906,90.55000305175781,92.48986053466797,113.71143341064453,245.52032470703125,167.82000732421875
2022-12-13,143.04226684570312,92.48999786376953,94.78948211669922,119.10408020019531,249.8083038330078,160.9499969482422
2022-12-14,140.82000732421875,91.58000183105469,94.2343978881836,120.53153228759766,250.09999084472656,156.8000030517578
2022-12-15,134.22198486328125,88.44999694824219,90.06140899658203,115.1388931274414,242.11721801757812,157.6699981689453
2022-12-16,132.26516723632812,87.86000061035156,89.46668243408203,118.39035034179688,237.9167938232422,150.22999572753906
2022-12-19,130.16090393066406,84.91999816894531,87.66267395019531,113.48344421386719,233.794189453125,149.8699951171875
2022-12-20,130.09207153320312,85.19000244140625,88.23758697509766,116.07070922851562,235.1068115234375,137.8000030517578
2022-12-21,133.189453125,86.7699966430664,88.79266357421875,118.71746826171875,237.6639862060547,137.57000732421875
2022-12-22,130.0232391357422,83.79000091552734,86.98865509033203,116.10045623779297,231.59674072265625,125.3499984741211
2022-12-23,129.65939331054688,85.25,88.44573211669922,117.01243591308594,232.12176513671875,123.1500015258789
2022-12-27,127.85994720458984,83.04000091552734,86.62188720703125,115.862548828125,230.4007568359375,109.0999984741211
2022-12-28,123.93653869628906,81.81999969482422,85.26394653320312,114.613525390625,228.03805541992188,112.70999908447266
2022-12-29,127.44696044921875,84.18000030517578,87.6725845336914,119.21312713623047,234.33865356445312,121.81999969482422
2022-12-30,127.76161193847656,84.0,87.45452117919922,119.29242706298828,233.18162536621094,123.18000030517578
2023-01-03,122.98271179199219,85.81999969482422,88.33670806884766,123.65412902832031,232.94825744628906,108.0999984741211
2023-01-04,124.25118255615234,85.13999938964844,87.30583953857422,126.26123046875,222.7583770751953,113.63999938964844
2023-01-05,122.93355560302734,83.12000274658203,85.4423599243164,125.83496856689453,216.15634155273438,110.33999633789062
2023-01-06,127.4567642211914,86.08000183105469,86.57234191894531,128.88816833496094,218.70376586914062,113.05999755859375
2023-01-09,127.97794342041016,87.36000061035156,87.2463607788086,128.34295654296875,220.83314514160156,119.7699966430664
2023-01-10,128.54824829101562,89.87000274658203,87.64283752441406,131.83229064941406,222.51528930664062,118.8499984741211
2023-01-11,131.26220703125,95.08999633789062,90.71561431884766,131.733154296875,229.2437286376953,123.22000122070312
2023-01-12,131.1835479736328,95.2699966430664,90.32902526855469,135.5199432373047,231.9078826904297,123.55999755859375
2023-01-13,132.51100158691406,98.12000274658203,91.31034088134766,135.78758239746094,232.6079559326172,122.4000015258789
2023-01-17,133.6713104248047,96.05000305175781,90.48762512207031,134.1816864013672,233.69696044921875,131.49000549316406
2023-01-18,132.9534912109375,95.45999908447266,90.31912994384766,131.862060546875,229.28262329101562,128.77999877929688
2023-01-19,133.01248168945312,93.68000030517578,92.23216247558594,134.96478271484375,225.510009765625,127.16999816894531
2023-01-20,135.569091796875,97.25,97.1584701538086,138.15676879882812,233.57054138183594,133.4199981689453
2023-01-23,138.75503540039062,97.5199966430664,98.91291809082031,142.0228271484375,235.8651885986328,143.75
2023-01-24,140.15133666992188,96.31999969482422,96.84127807617188,141.89393615722656,235.34011840820312,143.88999938964844
2023-01-25,139.49253845214844,97.18000030517578,94.38308715820312,140.26820373535156,233.94973754882812,144.42999267578125
2023-01-26,141.5574493408203,99.22000122070312,96.6628646850586,146.01776123046875,241.1352081298828,160.27000427246094
2023-01-27,143.49459838867188,102.23999786376953,98.49661254882812,150.4190673828125,241.29075622558594,177.89999389648438
2023-01-30,140.61346435546875,100.55000305175781,96.08797454833984,145.77981567382812,235.99163818359375,166.66000366210938
2023-01-31,141.88194274902344,103.12999725341797,97.97126770019531,147.67318725585938,240.950439453125,173.22000122070312
2023-02-01,143.00294494628906,105.1500015258789,99.54730987548828,151.7870635986328,245.7537078857422,181.41000366210938
2023-02-02,148.302978515625,112.91000366210938,106.79303741455078,187.12673950195312,257.27569580078125,188.27000427246094
2023-02-03,151.9215545654297,103.38999938964844,103.85905456542969,184.90621948242188,251.19869995117188,189.97999572753906
2023-02-06,149.19776916503906,102.18000030517578,101.99557495117188,184.44033813476562,249.66244506835938,194.75999450683594
2023-02-07,152.06907653808594,102.11000061035156,106.69392395019531,189.951904296875,260.1537780761719,196.80999755859375
2023-02-08,149.38462829589844,100.05000305175781,98.49661254882812,181.8332061767578,259.34674072265625,201.2899932861328
2023-02-09,148.35211181640625,98.23999786376953,94.17493438720703,176.37120056152344,256.32281494140625,207.32000732421875
2023-02-10,148.71652221679688,97.61000061035156,93.73878479003906,172.63400268554688,255.81723022460938,196.88999938964844
2023-02-13,151.51339721679688,99.54000091552734,93.7784423828125,177.86802673339844,263.8096618652344,194.63999938964844
2023-02-14,150.87326049804688,99.69999694824219,93.84783172607422,177.9176025390625,264.63616943359375,209.25
2023-02-15,152.97091674804688,101.16000366210938,96.08797454833984,175.61781311035156,262.5209655761719,214.24000549316406
2023-02-16,151.37551879882812,98.1500015258789,94.67053985595703,170.9388885498047,255.53196716308594,202.0399932861328
2023-02-17,150.233154296875,97.19999694824219,93.52073669433594,171.3750762939453,251.54522705078125,208.30999755859375
2023-02-21,146.2249298095703,94.58000183105469,90.98323822021484,170.58203125,246.291259765625,197.3699951171875
2023-02-22,146.64840698242188,95.79000091552734,90.84446716308594,169.63037109375,245.1605682373047,200.86000061035156
2023-02-23,147.13095092773438,95.81999969482422,90.09114074707031,170.54237365722656,248.33827209472656,202.07000732421875
2023-02-24,144.48184204101562,93.5,88.34659576416016,168.90675354003906,242.9283447265625,196.8800048828125
2023-02-27,145.6734619140625,93.76000213623047,89.0801010131836,168.06411743164062,243.84463500976562,207.6300048828125
2023-02-28,145.17120361328125,94.2300033569336,89.26844024658203,173.4171142578125,243.12330627441406,205.7100067138672
2023-03-01,143.10308837890625,92.16999816894531,89.56581115722656,171.9103240966797,240.05284118652344,202.77000427246094
2023-03-02,143.69398498535156,92.12999725341797,91.1913833618164,173.01068115234375,244.77066040039062,190.89999389648438
2023-03-03,148.73622131347656,94.9000015258789,92.82688903808594,183.63734436035156,248.8450927734375,197.7899932861328
2023-03-06,151.49368286132812,93.75,94.29387664794922,183.29043579101562,250.38523864746094,193.80999755859375
2023-03-07,149.29754638671875,93.55000305175781,93.0350570678711,182.90382385253906,247.73388671875,187.7100067138672
2023-03-08,150.54827880859375,93.91999816894531,93.4216079711914,183.3598175048828,247.29525756835938,182.0
2023-03-09,148.30288696289062,92.25,91.50857543945312,180.10836791992188,245.95008850097656,172.9199981689453
2023-03-10,146.24464416503906,90.7300033569336,89.83342742919922,177.9473419189453,242.31427001953125,173.44000244140625
2023-03-13,148.18472290039062,92.43000030517578,90.3092041015625,179.3252410888672,247.5096893310547,174.47999572753906
2023-03-14,150.2725372314453,94.87999725341797,93.14407348632812,192.33102416992188,254.206298828125,183.25999450683594
2023-03-15,150.66644287109375,96.19999694824219,95.2652587890625,196.028564453125,258.7389221191406,180.4499969482422
2023-03-16,153.4830322265625,100.04000091552734,99.4382553100586,203.14605712890625,269.2271728515625,184.1300048828125
2023-03-17,152.6459197998047,98.94999694824219,100.72683715820312,193.9071807861328,272.37567138671875,180.1300048828125
2023-03-20,155.0094757080078,97.70999908447266,100.33033752441406,196.0880584716797,265.3575134277344,183.25
2023-03-21,156.86093139648438,100.61000061035156,103.9978256225586,200.40016174316406,266.8682861328125,197.5800018310547
2023-03-22,155.4329376220703,98.69999694824219,102.46145629882812,198.0706329345703,265.41595458984375,191.14999389648438
2023-03-23,156.51622009277344,98.70999908447266,104.67183685302734,202.50173950195312,270.650390625,192.22000122070312
2023-03-24,157.81617736816406,98.12999725341797,104.51325988769531,204.21664428710938,273.4869384765625,190.41000366210938
2023-03-27,155.87611389160156,98.04000091552734,101.55945587158203,201.07424926757812,269.4027404785156,191.80999755859375
2023-03-28,155.2556915283203,97.23999786376953,100.14202117919922,198.93304443359375,268.2817077636719,189.19000244140625
2023-03-29,158.32830810546875,100.25,100.49886322021484,203.5624237060547,273.4284362792969,193.8800048828125
2023-03-30,159.89414978027344,102.0,100.00325775146484,206.0307159423828,276.8791198730469,195.27999877929688
2023-03-31,162.39559936523438,103.29000091552734,102.81829833984375,210.09503173828125,281.0216979980469,207.4600067138672
2023-04-03,163.6462860107422,102.41000366210938,103.44274139404297,211.21522521972656,279.9787902832031,194.77000427246094
2023-04-04,163.11448669433594,103.94999694824219,103.79957580566406,212.850830078125,279.9300537109375,192.5800018310547
2023-04-05,161.2728729248047,101.0999984741211,103.55179595947266,209.63902282714844,277.1617431640625,185.52000427246094
2023-04-06,162.1592254638672,102.05999755859375,107.4670639038086,214.2188262939453,284.2384948730469,185.05999755859375
2023-04-10,159.56915283203125,102.16999816894531,105.50447845458984,212.88055419921875,282.08428955078125,184.50999450683594
2023-04-11,158.3578338623047,99.91999816894531,104.4240493774414,211.9884033203125,275.6898498535156,186.7899932861328
2023-04-12,157.6685028076172,97.83000183105469,103.72028350830078,212.13710021972656,276.33319091796875,180.5399932861328
2023-04-13,163.04554748535156,102.4000015258789,106.48576354980469,218.43182373046875,282.52288818359375,185.89999389648438
2023-04-14,162.7008514404297,102.51000213623047,107.91310119628906,219.56190490722656,278.91632080078125,185.0
2023-04-17,162.72055053710938,102.73999786376953,105.03860473632812,216.95480346679688,281.5091247558594,187.0399932861328
2023-04-18,163.9417266845703,102.30000305175781,103.58151245117188,215.9932403564453,281.09002685546875,184.30999755859375
2023-04-19,165.0841064453125,104.30000305175781,103.26432800292969,213.82229614257812,281.1679992675781,180.58999633789062
2023-04-20,164.11895751953125,103.80999755859375,104.36458587646484,211.21522521972656,278.88702392578125,162.99000549316406
2023-04-21,162.51376342773438,106.95999908447266,104.48353576660156,211.03675842285156,278.54583740234375,165.0800018310547
2023-04-24,162.81903076171875,106.20999908447266,105.03860473632812,210.9376220703125,274.65667724609375,162.5500030517578
2023-04-25,161.28274536132812,102.56999969482422,102.9372329711914,205.74325561523438,268.4669494628906,160.6699981689453
2023-04-26,161.2728729248047,104.9800033569336,102.79846954345703,207.57711791992188,287.913330078125,153.75
2023-04-27,165.85223388671875,109.81999969482422,106.64434814453125,236.48329162597656,297.1344299316406,160.19000244140625
2023-04-28,167.1029815673828,105.44999694824219,106.39654541015625,238.2279815673828,299.50311279296875,164.30999755859375
2023-05-01,167.01434326171875,102.05000305175781,106.25777435302734,241.0630645751953,297.8459777832031,161.8300018310547
2023-05-02,165.98031616210938,103.62999725341797,104.3943099975586,237.15737915039062,297.6998291015625,160.30999755859375
2023-05-03,164.90684509277344,103.6500015258789,104.48353576660156,234.96661376953125,296.71533203125,160.61000061035156
2023-05-04,163.2720489501953,104.0,103.76985931396484,231.4871826171875,297.6998291015625,161.1999969482422
2023-05-05,170.93389892578125,105.66000366210938,104.64212036132812,230.7536163330078,302.8075256347656,170.05999755859375
2023-05-08,170.86492919921875,105.83000183105469,106.82276916503906,231.23936462402344,300.85809326171875,171.7899932861328
2023-05-09,169.16122436523438,106.62000274658203,106.40646362304688,231.33848571777344,299.2496337890625,169.14999389648438
2023-05-10,170.92404174804688,110.19000244140625,110.76779174804688,231.05101013183594,304.4256286621094,168.5399932861328
2023-05-11,171.1111297607422,112.18000030517578,115.5454330444336,233.7374267578125,302.28118896484375,172.0800018310547
2023-05-12,170.18417358398438,110.26000213623047,116.47715759277344,231.774658203125,301.16998291015625,167.97999572753906
2023-05-15,169.6910400390625,111.19999694824219,115.48596954345703,236.78070068359375,301.6475830078125,166.35000610351562
2023-05-16,169.6910400390625,113.4000015258789,118.4595947265625,236.74105834960938,303.87005615234375,166.52000427246094
2023-05-17,170.30250549316406,115.5,119.77788543701172,240.37908935546875,306.7420654296875,173.86000061035156
2023-05-18,172.6298828125,118.1500015258789,121.75041198730469,244.70115661621094,311.1575622558594,176.88999938964844
2023-05-19,172.73837280273438,116.25,121.68102264404297,243.50169372558594,310.9817810058594,180.13999938964844
2023-05-22,171.79161071777344,115.01000213623047,123.95088958740234,246.15835571289062,313.7560729980469,188.8699951171875
2023-05-23,169.18809509277344,114.98999786376953,121.48278045654297,244.59210205078125,307.9729919433594,185.77000427246094
2023-05-24,169.4642333984375,116.75,119.83737182617188,247.0406036376953,306.5955505371094,182.89999389648438
2023-05-25,170.5983428955078,115.0,122.39470672607422,250.4903106689453,318.38653564453125,184.47000122070312
2023-05-26,173.00462341308594,120.11000061035156,123.51477813720703,259.7589111328125,325.1954345703125,193.1699981689453
2023-05-30,174.8487548828125,121.66000366210938,122.58304595947266,260.23468017578125,323.55426025390625,201.16000366210938
2023-05-31,174.79945373535156,120.58000183105469,121.79007720947266,262.4156188964844,320.7994384765625,203.92999267578125
2023-06-01,177.6001739501953,122.7699966430664,122.6325912475586,270.23687744140625,324.8925476074219,207.52000427246094
2023-06-02,178.4483184814453,124.25,123.57423400878906,270.23687744140625,327.64739990234375,213.97000122070312
2023-06-05,177.0972442626953,125.30000305175781,124.90247344970703,269.0274658203125,328.1748962402344,217.61000061035156
2023-06-06,176.73236083984375,126.61000061035156,126.1910400390625,268.7597961425781,325.96722412109375,221.30999755859375
2023-06-07,175.36155700683594,121.2300033569336,121.4233169555664,261.3052978515625,315.9052734375,224.57000732421875
2023-06-08,178.07354736328125,124.25,121.06647491455078,262.27679443359375,317.7418212890625,234.86000061035156
2023-06-09,178.45819091796875,123.43000030517578,121.15568542480469,262.64361572265625,319.2364196777344,244.39999389648438
2023-06-12,181.2490234375,126.56999969482422,122.55328369140625,268.6904296875,324.179443359375,249.8300018310547
2023-06-13,180.7756805419922,126.66000366210938,122.74162292480469,268.9581298828125,326.5630798339844,258.7099914550781
2023-06-14,181.40682983398438,126.41999816894531,122.58304595947266,270.970458984375,329.54254150390625,256.7900085449219
2023-06-15,183.43832397460938,127.11000061035156,123.99054718017578,279.37664794921875,340.0538635253906,255.89999389648438
2023-06-16,182.36338806152344,125.48999786376953,122.44425964355469,278.5538635253906,334.4172058105469,260.5400085449219
2023-06-20,182.45216369628906,125.77999877929688,122.0180435180664,281.8548583984375,330.23614501953125,274.45001220703125
2023-06-21,181.41668701171875,124.83000183105469,119.49046325683594,279.1883544921875,325.8499450683594,259.4599914550781
2023-06-22,184.41464233398438,130.14999389648438,122.06761169433594,282.4000549316406,331.8577575683594,264.6099853515625
2023-06-23,184.0990753173828,129.3300018310547,121.26470947265625,286.2165832519531,327.27618408203125,256.6000061035156
2023-06-26,182.70858764648438,127.33000183105469,117.29986572265625,276.0458984375,321.0046081542969,241.0500030517578
2023-06-27,185.45999145507812,129.17999267578125,117.28996276855469,284.55120849609375,326.83660888671875,250.2100067138672
2023-06-28,186.633544921875,129.0399932861328,119.12370300292969,282.8065490722656,328.0870361328125,256.239990234375
2023-06-29,186.96885681152344,127.9000015258789,118.0531997680664,279.0792236328125,327.30548095703125,257.5
2023-06-30,191.2882843017578,130.36000061035156,118.64791107177734,284.4818115234375,332.6685791015625,261.7699890136719
2023-07-03,189.79917907714844,130.22000122070312,118.84616088867188,283.5301818847656,330.177490234375,279.82000732421875
2023-07-05,188.684814453125,130.3800048828125,120.67991638183594,291.8074951171875,330.3338623046875,282.4800109863281
2023-07-06,189.15814208984375,128.36000061035156,119.0543212890625,289.4482116699219,333.38177490234375,276.5400085449219
2023-07-07,188.0437774658203,129.77999877929688,118.42985534667969,288.0008850097656,329.42535400390625,274.42999267578125
2023-07-10,186.0023956298828,127.12999725341797,115.42647552490234,291.5398254394531,324.1599426269531,269.6099853515625
2023-07-11,185.47970581054688,128.77999877929688,116.11042785644531,295.693359375,324.7851257324219,269.7900085449219
2023-07-12,187.1463623046875,130.8000030517578,117.88469696044922,306.6471252441406,329.40582275390625,271.989990234375
2023-07-13,187.9057159423828,134.3000030517578,123.44538879394531,310.68170166015625,334.7396240234375,277.8999938964844
2023-07-14,188.05364990234375,134.67999267578125,124.31764221191406,306.1812744140625,337.2599792480469,281.3800048828125
2023-07-17,191.3080291748047,133.55999755859375,123.5544204711914,307.916015625,337.7386779785156,290.3800048828125
2023-07-18,191.05160522460938,132.8300018310547,122.67223358154297,309.3335266113281,351.1805725097656,293.3399963378906
2023-07-19,192.40269470214844,135.36000061035156,120.95744323730469,313.25909423828125,346.8725280761719,291.260009765625
2023-07-20,190.4599151611328,129.9600067138672,118.15231323242188,299.88653564453125,338.852294921875,262.8999938964844
2023-07-21,189.28636169433594,130.0,118.96510314941406,291.69842529296875,335.82391357421875,260.0199890136719
2023-07-24,190.0851593017578,128.8000030517578,120.46184539794922,289.07147216796875,337.1329650878906,269.05999755859375
2023-07-25,190.94308471679688,129.1300048828125,121.13585662841797,291.9065856933594,342.8673400878906,265.2799987792969
2023-07-26,191.81097412109375,128.14999389648438,128.13381958007812,295.970947265625,329.9626159667969,264.3500061035156
2023-07-27,190.5486602783203,128.25,128.2626495361328,308.9964904785156,323.07562255859375,255.7100067138672
2023-07-28,193.12257385253906,132.2100067138672,131.41470336914062,322.6466369628906,330.54876708984375,266.44000244140625
2023-07-31,193.73399353027344,133.67999267578125,131.55349731445312,315.8265380859375,328.1553955078125,267.42999267578125
2023-08-01,192.90562438964844,131.69000244140625,130.39376831054688,319.9007873535156,328.565673828125,261.07000732421875
2023-08-02,189.91749572753906,128.2100067138672,127.25161743164062,311.5738830566406,319.9300231933594,254.11000061035156
2023-08-03,188.5270233154297,128.91000366210938,127.32100677490234,310.4635925292969,319.1094055175781,259.32000732421875
2023-08-04,179.4739227294922,139.57000732421875,126.9840087890625,308.0250549316406,320.20355224609375,253.86000061035156
2023-08-07,176.37734985351562,142.22000122070312,130.37396240234375,313.8043518066406,322.47967529296875,251.4499969482422
2023-08-08,177.31417846679688,139.94000244140625,130.2450714111328,309.9184265136719,318.5135803222656,249.6999969482422
2023-08-09,175.72645568847656,137.85000610351562,128.52037048339844,302.5531311035156,314.78192138671875,242.19000244140625
2023-08-10,175.50949096679688,138.55999755859375,128.55010986328125,303.0784912109375,315.46563720703125,245.33999633789062
2023-08-11,175.5687255859375,138.41000366210938,128.42127990722656,299.0141906738281,313.59002685546875,242.64999389648438
2023-08-14,177.21788024902344,140.57000732421875,130.1757049560547,303.5245361328125,316.54998779296875,239.75999450683594
2023-08-15,175.23297119140625,137.6699981689453,128.63931274414062,299.3215026855469,314.42041015625,232.9600067138672
2023-08-16,174.364013671875,135.07000732421875,127.5688247680664,291.7281494140625,313.65679931640625,225.60000610351562
2023-08-17,171.8260955810547,133.97999572753906,128.77809143066406,282.60833740234375,310.21087646484375,219.22000122070312
2023-08-18,172.3099822998047,133.22000122070312,126.33970642089844,280.7843017578125,309.8193359375,215.49000549316406
2023-08-21,173.64309692382812,134.67999267578125,127.24170684814453,287.37640380859375,315.105712890625,231.27999877929688
2023-08-22,175.01571655273438,134.25,127.94548797607422,285.096435546875,315.67340087890625,233.19000244140625
2023-08-23,178.85711669921875,135.52000427246094,131.20655822753906,291.6785888671875,320.117919921875,236.86000061035156
2023-08-24,174.17637634277344,131.83999633789062,128.63931274414062,284.2537536621094,313.2358093261719,230.0399932861328
2023-08-25,176.37850952148438,133.25999450683594,128.73843383789062,283.01470947265625,316.1825256347656,238.58999633789062
2023-08-28,177.93878173828125,133.13999938964844,129.85848999023438,287.7332458496094,316.8873596191406,238.82000732421875
2023-08-29,181.81964111328125,134.91000366210938,133.38723754882812,295.39599609375,321.4981994628906,257.17999267578125
2023-08-30,185.3055419921875,135.07000732421875,134.6857147216797,292.5311584472656,321.8702392578125,256.8999938964844
2023-08-31,185.52281188964844,138.00999450683594,134.97314453125,293.31427001953125,320.8619079589844,258.0799865722656
2023-09-01,187.09295654296875,138.1199951171875,134.46766662597656,293.79998779296875,321.74298095703125,245.00999450683594
2023-09-05,187.3299560546875,137.27000427246094,134.57667541503906,297.5372009277344,326.5300598144531,256.489990234375
2023-09-06,180.6248016357422,135.36000061035156,133.27818298339844,296.5657043457031,325.8741455078125,251.9199981689453
2023-09-07,175.3416290283203,137.85000610351562,134.07113647460938,296.0700378417969,322.9667053222656,251.49000549316406
2023-09-08,175.953857421875,138.22999572753906,135.1813201904297,295.2968444824219,327.23492431640625,248.5
2023-09-11,177.11915588378906,143.10000610351562,135.716552734375,304.88262939453125,330.82769775390625,273.5799865722656
2023-09-12,174.0973663330078,141.22999572753906,134.1504669189453,299.03399658203125,324.78753662109375,267.4800109863281
2023-09-13,172.0334930419922,144.85000610351562,135.50843811035156,302.4044189453125,328.9872131347656,271.29998779296875
2023-09-14,173.5443878173828,144.72000122070312,136.88619995117188,309.0064697265625,331.5716552734375,276.0400085449219
2023-09-15,172.823486328125,140.38999938964844,136.1923370361328,297.69580078125,323.2701416015625,274.3900146484375
2023-09-18,175.7465057373047,139.97999572753906,136.99526977539062,299.9162292480469,322.134521484375,265.2799987792969
2023-09-19,176.832763671875,137.6300048828125,136.82672119140625,302.41436767578125,321.7331848144531,266.5
2023-09-20,173.2974853515625,135.2899932861328,132.56451416015625,297.06134033203125,314.01898193359375,262.5899963378906
2023-09-21,171.75697326660156,129.3300018310547,129.29351806640625,293.1556396484375,312.8051452636719,255.6999969482422
2023-09-22,172.60621643066406,129.1199951171875,129.10519409179688,296.4764099121094,310.338134765625,244.8800048828125
2023-09-25,173.880126953125,131.27000427246094,129.9576416015625,298.21124267578125,310.85699462890625,246.99000549316406
2023-09-26,169.81161499023438,125.9800033569336,127.43997955322266,296.3575439453125,305.5707092285156,244.1199951171875
2023-09-27,168.3007049560547,125.9800033569336,129.39263916015625,295.14813232421875,306.2070007324219,240.5
2023-09-28,168.55743408203125,125.9800033569336,131.1470947265625,301.31396484375,307.0390625,246.3800048828125
2023-09-29,169.0709686279297,127.12000274658203,129.70982360839844,297.59661865234375,309.1046447753906,250.22000122070312
2023-10-02,171.5792236328125,129.4600067138672,132.99072265625,304.14910888671875,315.02734375,251.60000610351562
2023-10-03,170.24610900878906,124.72000122070312,131.2660369873047,298.3202209472656,306.7943420410156,246.52999877929688
2023-10-04,171.49034118652344,127.0,134.0513458251953,302.91986083984375,312.2471008300781,261.1600036621094
2023-10-05,172.72474670410156,125.95999908447266,133.88284301757812,302.1368103027344,312.638671875,260.04998779296875
2023-10-06,175.27252197265625,127.95999908447266,136.3707733154297,312.68408203125,320.37237548828125,260.5299987792969
2023-10-09,176.7537384033203,128.25999450683594,137.203369140625,315.5886535644531,322.8785705566406,259.6700134277344
2023-10-10,176.16122436523438,129.47999572753906,136.8465576171875,319.038330078125,321.47869873046875,263.6199951171875
2023-10-11,177.55364990234375,131.8300018310547,139.31466674804688,324.9662780761719,325.4238586425781,262.989990234375
2023-10-12,178.45225524902344,132.3300018310547,137.74856567382812,321.3381652832031,324.19036865234375,258.8699951171875
2023-10-13,176.6155242919922,129.7899932861328,136.15269470214844,311.95062255859375,320.8325500488281,251.1199951171875
2023-10-16,176.4871368408203,132.5500030517578,137.87741088867188,318.3543395996094,325.6392517089844,253.9199981689453
2023-10-17,174.9367218017578,131.47000122070312,138.49197387695312,321.1795654296875,325.0714111328125,254.85000610351562
2023-10-18,173.64309692382812,128.1300048828125,136.7474365234375,314.210693359375,323.1624450683594,242.67999267578125
2023-10-19,173.26785278320312,128.39999389648438,136.5392608642578,310.08697509765625,324.34698486328125,220.11000061035156
2023-10-20,170.72012329101562,125.16999816894531,134.40818786621094,305.96319580078125,319.7948913574219,211.99000549316406
2023-10-23,170.83859252929688,126.55999755859375,135.3002471923828,311.2765197753906,322.38909912109375,212.0800018310547
2023-10-24,171.2731170654297,128.55999755859375,137.58995056152344,309.8291931152344,323.5735778808594,216.52000427246094
2023-10-25,168.9623565673828,121.38999938964844,124.5059814453125,296.9225158691406,333.500244140625,212.4199981689453
2023-10-26,164.80494689941406,119.56999969482422,121.20523834228516,285.83984375,320.98919677734375,205.75999450683594
2023-10-27,166.11830139160156,127.73999786376953,121.0962142944336,294.14691162109375,322.8687744140625,207.3000030517578
2023-10-30,168.16246032714844,132.7100067138672,123.3660888671875,300.0252685546875,330.2109069824219,197.36000061035156
2023-10-31,168.636474609375,133.08999633789062,122.98943328857422,298.6474304199219,330.99407958984375,200.83999633789062
2023-11-01,171.79647827148438,137.0,125.3386001586914,309.1353454589844,338.78656005859375,205.66000366210938
2023-11-02,175.3515167236328,138.07000732421875,126.36945343017578,308.1638488769531,340.9892578125,218.50999450683594
2023-11-03,174.4429931640625,138.60000610351562,127.96529388427734,311.8613586425781,345.3748779296875,219.9600067138672
2023-11-06,176.99075317382812,139.74000549316406,129.10519409179688,313.0509338378906,349.0264587402344,219.27000427246094
2023-11-07,179.54840087890625,142.7100067138672,129.81887817382812,316.044677734375,352.94219970703125,222.17999267578125
2023-11-08,180.60504150390625,142.0800018310547,130.6811981201172,316.996337890625,355.5560607910156,222.11000061035156
2023-11-09,180.13101196289062,140.60000610351562,129.0952911376953,317.7595520019531,353.0988464355469,209.97999572753906
2023-11-10,184.31369018554688,143.55999755859375,131.4246368408203,325.90802001953125,361.8898620605469,214.64999389648438
2023-11-13,182.73158264160156,142.58999633789062,130.9290313720703,326.3243408203125,358.9627990722656,223.7100067138672
2023-11-14,185.342041015625,145.8000030517578,132.44558715820312,333.38238525390625,362.47723388671875,237.41000366210938
2023-11-15,185.90565490722656,143.1999969482422,133.43678283691406,329.8137512207031,362.6243591308594,242.83999633789062
2023-11-16,187.5866241455078,142.8300018310547,135.7264862060547,331.28082275390625,369.00048828125,233.58999633789062
2023-11-17,187.56686401367188,145.17999267578125,134.1207275390625,332.1234436035156,362.8009948730469,234.3000030517578
2023-11-20,189.30714416503906,146.1300048828125,135.05247497558594,337.0105285644531,370.24627685546875,235.60000610351562
2023-11-21,188.5062255859375,143.89999389648438,135.76614379882812,334.04656982421875,365.95965576171875,241.1999969482422
2023-11-22,189.16873168945312,146.7100067138672,137.27279663085938,338.5173034667969,370.6484069824219,234.2100067138672
2023-11-24,187.84373474121094,146.74000549316406,135.4886016845703,335.2856750488281,370.23651123046875,235.4499969482422
2023-11-27,187.66574096679688,147.72999572753906,135.21107482910156,331.7864685058594,371.39404296875,236.0800018310547
2023-11-28,188.2689208984375,147.02999877929688,135.99411010742188,336.0390930175781,375.40606689453125,246.72000122070312
2023-11-29,187.25042724609375,146.32000732421875,133.80357360839844,329.3081970214844,371.62939453125,244.13999938964844
2023-11-30,187.82394409179688,146.08999633789062,131.3651580810547,324.3021240234375,371.688232421875,240.0800018310547
2023-12-01,189.09951782226562,147.02999877929688,130.70103454589844,321.9924011230469,367.37213134765625,238.8300018310547
2023-12-04,187.30975341796875,144.83999633789062,128.13381958007812,317.2341613769531,362.1044616699219,235.5800018310547
2023-12-05,191.25511169433594,146.8800048828125,129.83871459960938,315.5192565917969,365.4200134277344,238.72000122070312
2023-12-06,190.1674346923828,144.52000427246094,128.87721252441406,314.68658447265625,361.7709655761719,239.3699951171875
2023-12-07,192.09559631347656,146.8800048828125,135.7264862060547,323.7469482421875,363.8799743652344,242.63999938964844
2023-12-08,193.51947021484375,147.4199981689453,133.80357360839844,329.8533630371094,367.0974426269531,243.83999633789062
2023-12-11,191.0177764892578,145.88999938964844,132.1184844970703,322.4483642578125,364.2232666015625,239.74000549316406
2023-12-12,192.5306396484375,147.47999572753906,131.35525512695312,331.310546875,367.24456787109375,237.00999450683594
2023-12-13,195.74429321289062,148.83999633789062,131.40484619140625,331.8260803222656,367.23486328125,239.2899932861328
2023-12-14,195.89263916015625,147.4199981689453,130.78033447265625,330.26971435546875,358.9556884765625,251.0500030517578
2023-12-15,195.35865783691406,149.97000122070312,131.43450927734375,332.0045166015625,363.6641540527344,253.5
2023-12-18,193.69744873046875,154.07000732421875,134.6063995361328,341.62005615234375,365.5475769042969,252.0800018310547
2023-12-19,194.7357177734375,153.7899932861328,135.44894409179688,347.3100891113281,366.14593505859375,257.2200012207031
2023-12-20,192.6493377685547,152.1199951171875,137.12408447265625,346.23944091796875,363.5562744140625,247.13999938964844
2023-12-21,192.50100708007812,153.83999633789062,139.18580627441406,351.00762939453125,366.4206237792969,254.5
2023-12-22,191.43310546875,153.4199981689453,140.2464141845703,350.313720703125,367.44073486328125,252.5399932861328
2023-12-26,190.88925170898438,153.41000366210938,140.27615356445312,351.74114990234375,367.5192565917969,256.6099853515625
2023-12-27,190.9881134033203,153.33999633789062,139.13626098632812,354.71502685546875,366.9405517578125,261.44000244140625
2023-12-28,191.41329956054688,153.3800048828125,138.99746704101562,355.2007751464844,368.1274719238281,253.17999267578125
2023-12-29,190.3750457763672,151.94000244140625,138.4622344970703,350.87872314453125,368.87298583984375,248.47999572753906
2024-01-02,183.56219482421875,149.92999267578125,136.95558166503906,343.2754821777344,363.801513671875,248.4199981689453
2024-01-03,182.187744140625,148.47000122070312,137.69900512695312,341.4713439941406,363.5366516113281,238.4499969482422
2024-01-04,179.87393188476562,144.57000732421875,135.19122314453125,344.0982666015625,360.9273376464844,237.92999267578125
2024-01-05,179.152099609375,145.24000549316406,134.5370330810547,348.88629150390625,360.7409362792969,237.49000549316406
2024-01-08,183.4830780029297,149.10000610351562,137.6197052001953,355.537841796875,367.54864501953125,240.4499969482422
2024-01-09,183.0677947998047,151.3699951171875,139.7111358642578,354.3184814453125,368.6277160644531,234.9600067138672
2024-01-10,184.10604858398438,153.72999572753906,141.0294647216797,367.2449951171875,375.4747009277344,233.94000244140625
2024-01-11,183.51275634765625,155.17999267578125,140.8312225341797,366.45196533203125,377.29925537109375,227.22000122070312
2024-01-12,183.8390655517578,154.6199951171875,141.39620971679688,371.22998046875,381.0660400390625,218.88999938964844
2024-01-16,181.57470703125,153.16000366210938,141.23760986328125,364.2611999511719,382.8317565917969,219.91000366210938
2024-01-17,180.6352996826172,151.7100067138672,140.22657775878906,365.163330078125,382.0469970703125,215.5500030517578
2024-01-18,186.5187225341797,153.5,142.2189178466797,372.85577392578125,386.36309814453125,211.8800048828125
2024-01-19,189.41590881347656,155.33999633789062,145.09341430664062,380.1120910644531,391.0716552734375,212.19000244140625
2024-01-22,191.71986389160156,154.77999877929688,144.7068328857422,378.45660400390625,388.9528503417969,208.8000030517578
2024-01-23,192.99539184570312,156.02000427246094,145.7476348876953,381.8468322753906,391.2972717285156,209.13999938964844
2024-01-24,192.32302856445312,156.8699951171875,147.39303588867188,387.2989196777344,394.88751220703125,207.8300018310547
2024-01-25,191.99671936035156,157.75,150.53515625,389.7573547363281,397.15350341796875,182.6300048828125
2024-01-26,190.2662811279297,159.1199951171875,150.85238647460938,390.708984375,396.2314147949219,183.25
2024-01-29,189.5840301513672,161.25999450683594,152.16073608398438,397.529052734375,401.91107177734375,190.92999267578125
2024-01-30,185.93531799316406,159.0,150.1287841796875,396.57745361328125,400.80255126953125,191.58999633789062
2024-01-31,182.33604431152344,155.1999969482422,138.86862182617188,386.74383544921875,390.00244140625,187.2899932861328
2024-02-01,184.76853942871094,159.27999877929688,139.91932678222656,391.3433532714844,396.084228515625,188.86000061035156
2024-02-02,183.76983642578125,171.80999755859375,141.1285858154297,470.8551025390625,403.3824768066406,187.91000366210938
2024-02-05,185.57936096191406,170.30999755859375,142.4171600341797,455.41082763671875,397.91864013671875,181.05999755859375
2024-02-06,187.18121337890625,169.14999389648438,142.83346557617188,450.7616271972656,397.7616882324219,185.10000610351562
2024-02-07,187.28997802734375,170.52999877929688,144.2608184814453,465.502197265625,406.1585388183594,187.5800018310547
2024-02-08,186.2122039794922,169.83999633789062,144.6275634765625,465.90863037109375,406.21734619140625,189.55999755859375
2024-02-09,186.97454833984375,174.4499969482422,147.69041442871094,464.0350341796875,412.53460693359375,193.57000732421875
2024-02-12,185.2914276123047,172.33999633789062,146.23333740234375,464.81817626953125,407.34552001953125,188.1300048828125
2024-02-13,183.202392578125,168.63999938964844,143.8643035888672,456.1146545410156,398.57586669921875,184.02000427246094
2024-02-14,182.32122802734375,170.97999572753906,144.6573028564453,469.1600646972656,402.4282531738281,188.7100067138672
2024-02-15,182.03408813476562,169.8000030517578,141.51516723632812,479.81640625,399.5487365722656,200.4499969482422
2024-02-16,180.49951171875,169.50999450683594,139.28494262695312,469.19970703125,397.09185791015625,199.9499969482422
2024-02-20,179.75692749023438,167.0800018310547,139.87966918945312,467.64337158203125,395.8437805175781,193.75999450683594
2024-02-21,180.5093994140625,168.58999633789062,141.2970733642578,464.4480285644531,395.2442626953125,194.77000427246094
2024-02-22,182.53903198242188,174.5800018310547,142.8235321044922,482.4094543457031,404.5509948730469,197.41000366210938
2024-02-23,180.70742797851562,174.99000549316406,142.69471740722656,480.3255615234375,403.2635803222656,191.97000122070312
2024-02-26,179.36090087890625,174.72999572753906,136.36087036132812,478.0531005859375,400.51190185546875,199.39999389648438
2024-02-27,180.81634521484375,173.5399932861328,137.65936279296875,483.3224182128906,400.452880859375,199.72999572753906
2024-02-28,179.6183319091797,173.16000366210938,135.1813201904297,480.3155822753906,400.6888122558594,202.0399932861328
2024-02-29,178.95497131347656,176.75999450683594,137.2430419921875,486.37884521484375,406.5067138671875,201.8800048828125
2024-03-01,177.8758087158203,178.22000122070312,135.93463134765625,498.4556884765625,408.3345947265625,202.63999938964844
2024-03-04,173.361083984375,177.5800018310547,132.1779327392578,494.3772277832031,407.7646484375,188.13999938964844
2024-03-05,168.4305419921875,174.1199951171875,131.50392150878906,486.46820068359375,395.7061767578125,180.74000549316406
2024-03-06,167.4404754638672,173.50999450683594,130.2450714111328,492.2933044433594,395.1558532714844,176.5399932861328
2024-03-07,167.3216552734375,176.82000732421875,133.19891357421875,508.2700500488281,402.0843200683594,178.64999389648438
2024-03-08,169.0344696044922,175.35000610351562,134.21983337402344,502.07781982421875,399.2146301269531,175.33999633789062
2024-03-11,171.03440856933594,171.9600067138672,136.45999145507812,479.888916015625,397.5439147949219,177.77000427246094
2024-03-12,171.50965881347656,175.38999938964844,137.28265380859375,495.92523193359375,408.1184387207031,177.5399932861328
2024-03-13,169.43052673339844,176.55999755859375,138.56130981445312,491.7772216796875,407.94146728515625,169.47999572753906
2024-03-14,171.28192138671875,178.75,141.8422393798828,488.06585693359375,417.8869934082031,162.5
2024-03-15,170.90570068359375,174.4199981689453,139.93910217285156,480.3950500488281,409.2387390136719,163.57000732421875
2024-03-18,171.99481201171875,174.47999572753906,146.38201904296875,493.1764831542969,410.1231994628906,173.8000030517578
2024-03-19,174.33135986328125,175.89999389648438,145.73770141601562,492.4421081542969,414.1427307128906,171.32000732421875
2024-03-20,176.89564514160156,178.14999389648438,147.43267822265625,501.6510925292969,417.8968200683594,175.66000366210938
2024-03-21,169.66810607910156,178.14999389648438,146.30270385742188,503.87396240234375,421.96539306640625,172.82000732421875
2024-03-22,170.56910705566406,178.8699951171875,149.44483947753906,505.6799621582031,421.3462829589844,170.8300018310547
2024-03-25,169.15330505371094,179.7100067138672,148.75100708007812,499.17022705078125,415.5676574707031,172.6300048828125
2024-03-26,168.02462768554688,178.3000030517578,149.34571838378906,492.0947570800781,414.3785400390625,177.6699981689453
2024-03-27,171.5888671875,179.8300018310547,149.5439453125,490.080322265625,414.1623229980469,179.8300018310547
2024-03-28,169.77703857421875,180.3800048828125,149.60340881347656,481.86370849609375,413.4645690917969,175.7899932861328
2024-04-01,168.34144592285156,180.97000122070312,154.1233673095703,487.5895690917969,417.2481994628906,175.22000122070312
2024-04-02,167.16323852539062,180.69000244140625,153.2015380859375,493.5634765625,414.1722106933594,166.6300048828125
2024-04-03,167.9652099609375,182.41000366210938,153.558349609375,502.8617858886719,413.1992492675781,168.3800048828125
2024-04-04,167.1434783935547,180.0,149.20693969726562,507.0097961425781,410.6736145019531,171.11000061035156
2024-04-05,167.8959197998047,185.07000732421875,151.1596221923828,523.3041381835938,418.1817932128906,164.89999389648438
2024-04-08,166.77713012695312,185.19000244140625,153.4889678955078,515.2760009765625,417.267822265625,172.97999572753906
2024-04-09,167.98504638671875,185.6699981689453,155.2235870361328,512.9440307617188,418.9287109375,176.8800048828125
2024-04-10,166.11378479003906,185.9499969482422,154.76763916015625,515.8516235351562,415.96075439453125,171.75999450683594
2024-04-11,173.3016815185547,189.0500030517578,158.00888061523438,519.1560668945312,420.5502014160156,174.60000610351562
2024-04-12,174.7967071533203,186.1300048828125,156.3436737060547,507.98223876953125,414.6242370605469,171.0500030517578
2024-04-15,170.9750213623047,183.6199951171875,153.49888610839844,496.40155029296875,406.5067138671875,161.47999572753906
2024-04-16,167.69789123535156,183.32000732421875,153.0429229736328,495.9351806640625,407.43048095703125,157.11000061035156
2024-04-17,166.33160400390625,181.27999877929688,154.10353088378906,490.3879699707031,404.7377624511719,155.4499969482422
2024-04-18,165.3811492919922,179.22000122070312,154.63876342773438,497.95953369140625,397.29827880859375,149.92999267578125
2024-04-19,163.36138916015625,174.6300048828125,152.73565673828125,477.3882141113281,392.23712158203125,147.0500030517578
2024-04-22,164.1930389404297,177.22999572753906,154.9064178466797,478.0431213378906,394.0453186035156,142.0500030517578
2024-04-23,165.24252319335938,179.5399932861328,156.86900329589844,492.3031311035156,400.5413818359375,144.67999267578125
2024-04-24,167.3414764404297,176.58999633789062,157.7313690185547,489.72308349609375,402.0056457519531,162.1300048828125
2024-04-25,168.2028045654297,173.6699981689453,154.6288604736328,438.001953125,392.158447265625,170.17999267578125
2024-04-26,167.6186981201172,179.6199951171875,170.43869018554688,439.8973388671875,399.3128967285156,168.2899932861328
2024-04-29,171.7769775390625,180.9600067138672,164.68966674804688,429.3090515136719,395.3130798339844,194.0500030517578
2024-04-30,168.63845825195312,175.0,161.3492889404297,426.8777770996094,382.6158752441406,183.27999877929688
2024-05-01,167.6186981201172,179.0,162.41978454589844,435.8287353515625,388.1291809082031,179.99000549316406
2024-05-02,171.3116455078125,184.72000122070312,165.15553283691406,438.2996520996094,390.9791259765625,180.00999450683594
2024-05-03,181.55886840820312,186.2100067138672,165.77005004882812,448.5009765625,399.64703369140625,181.19000244140625
2024-05-06,179.90545654296875,188.6999969482422,166.62254333496094,462.11602783203125,406.408447265625,184.75999450683594
2024-05-07,180.58856201171875,188.75999450683594,169.74481201171875,464.6563415527344,402.28082275390625,177.80999755859375
2024-05-08,180.9252166748047,188.0,167.8912811279297,468.9830627441406,403.4601745605469,174.72000122070312
2024-05-09,182.737060546875,189.5,168.46615600585938,471.7814636230469,405.2095031738281,171.97000122070312
2024-05-10,181.47796630859375,187.47999572753906,167.1676788330078,472.55548095703125,407.58770751953125,168.47000122070312
2024-05-13,184.68020629882812,186.57000732421875,167.6533660888672,464.4281311035156,406.58526611328125,171.88999938964844
2024-05-14,185.82034301757812,187.07000732421875,168.84283447265625,468.23876953125,409.3763427734375,177.5500030517578
2024-05-15,188.0906982421875,185.99000549316406,170.99375915527344,477.8546142578125,416.5338134765625,173.99000549316406
2024-05-16,188.2096405029297,183.6300048828125,172.64907836914062,469.60821533203125,414.4761657714844,174.83999633789062
2024-05-17,188.23936462402344,184.6999969482422,174.51255798339844,468.2983093261719,413.7082824707031,177.4600067138672
2024-05-20,189.39930725097656,183.5399932861328,175.364990234375,465.25177001953125,418.7589111328125,174.9499969482422
2024-05-21,190.69810485839844,183.14999389648438,176.28684997558594,461.0740051269531,422.40167236328125,186.60000610351562
2024-05-22,189.26052856445312,183.1300048828125,174.82972717285156,464.1999816894531,423.85870361328125,180.11000061035156
2024-05-23,185.27505493164062,181.0500030517578,172.0246124267578,462.2152404785156,420.3932189941406,173.74000549316406
2024-05-24,188.3484344482422,180.75,173.45196533203125,474.56005859375,423.5043029785156,179.24000549316406
2024-05-28,188.35836791992188,182.14999389648438,174.84954833984375,476.2470397949219,423.6618347167969,176.75
2024-05-29,188.65579223632812,182.02000427246094,174.35397338867188,470.7295227050781,422.5296630859375,176.19000244140625
2024-05-30,189.6471710205078,179.32000732421875,170.59727478027344,463.4754943847656,408.25396728515625,178.7899932861328
2024-05-31,190.5989532470703,176.44000244140625,170.9838409423828,463.25714111328125,408.7068786621094,178.0800018310547
2024-06-03,192.3636474609375,178.33999633789062,171.64797973632812,473.8356018066406,407.12176513671875,176.2899932861328
2024-06-04,192.68092346191406,179.33999633789062,172.26248168945312,473.33941650390625,409.63232421875,174.77000427246094
2024-06-05,194.18785095214844,181.27999877929688,173.86827087402344,491.2710876464844,417.4494323730469,175.0
2024-06-06,192.80979919433594,185.0,175.17666625976562,489.9811096191406,417.9515686035156,177.94000244140625
2024-06-07,195.1990966796875,184.3000030517578,172.9266357421875,489.1872253417969,417.2919616699219,177.47999572753906
2024-06-10,191.46148681640625,187.05999755859375,173.67086791992188,498.75341796875,421.2497253417969,173.7899932861328
2024-06-11,205.37098693847656,187.22999572753906,175.2685546875,503.58612060546875,425.9853515625,170.66000366210938
2024-06-12,211.24012756347656,186.88999938964844,176.42962646484375,504.9457092285156,434.2356262207031,177.2899932861328
2024-06-13,212.4000701904297,183.8300018310547,173.8197479248047,500.241943359375,434.74761962890625,182.47000122070312
2024-06-14,210.6651153564453,183.66000366210938,175.437255859375,500.79827880859375,435.7222900390625,178.00999450683594
2024-06-17,214.80921936035156,184.05999755859375,175.8838348388672,503.25177001953125,441.4325256347656,187.44000244140625
2024-06-18,212.4496612548828,182.80999755859375,173.7502899169922,496.15936279296875,439.4339904785156,184.86000061035156
2024-06-20,207.8792266845703,186.10000610351562,174.9510040283203,498.35467529296875,438.80389404296875,181.57000732421875
2024-06-21,205.70806884765625,189.0800018310547,178.2555389404297,491.4807434082031,442.8206787109375,183.00999450683594
2024-06-24,206.3524932861328,185.57000732421875,177.84866333007812,495.5832214355469,440.743408203125,182.5800018310547
2024-06-25,207.27450561523438,186.33999633789062,182.6218719482422,507.19525146484375,443.97259521484375,187.35000610351562
2024-06-26,211.41860961914062,193.61000061035156,182.4730224609375,509.6985168457031,445.1639099121094,196.3699951171875
2024-06-27,212.26129150390625,197.85000610351562,183.99130249023438,516.095458984375,445.8432312011719,197.4199981689453
2024-06-28,208.81117248535156,193.25,180.75624084472656,500.8578186035156,440.0345153808594,197.8800048828125
2024-07-01,214.88853454589844,197.1999969482422,181.58981323242188,501.3147277832031,449.6632080078125,209.86000061035156
2024-07-02,218.3782958984375,200.0,183.82261657714844,506.10260009765625,452.1737060546875,231.25999450683594
2024-07-03,219.64732360839844,197.58999633789062,184.39816284179688,506.55950927734375,453.64068603515625,246.38999938964844
2024-07-05,224.39617919921875,200.0,189.1416015625,536.309814453125,460.32562255859375,251.52000427246094
2024-07-08,225.86349487304688,199.2899932861328,187.58360290527344,525.7904663085938,459.02606201171875,252.94000244140625
2024-07-09,226.71609497070312,199.33999633789062,187.53399658203125,526.4658813476562,452.42974853515625,262.3299865722656
2024-07-10,230.97915649414062,199.7899932861328,189.71714782714844,531.1245727539062,459.0358581542969,263.260009765625
2024-07-11,225.6156463623047,195.0500030517578,184.1500701904297,509.28131103515625,447.6646423339844,241.02999877929688
2024-07-12,228.56008911132812,194.49000549316406,183.65391540527344,495.5434875488281,446.5323486328125,248.22999572753906
2024-07-15,232.386962890625,192.72000122070312,185.10272216796875,492.8515930175781,446.9360656738281,252.63999938964844
2024-07-16,232.80337524414062,193.02000427246094,182.5126953125,486.5240478515625,442.56475830078125,256.55999755859375
2024-07-17,226.9143829345703,187.92999267578125,179.63490295410156,458.909423828125,436.6575622558594,248.5
2024-07-18,222.25473022460938,183.75,176.33035278320312,472.6770324707031,433.5563049316406,249.22999572753906
2024-07-19,222.38360595703125,183.1300048828125,176.3006134033203,473.6107177734375,430.3467712402344,239.1999969482422
2024-07-22,222.03660583496094,182.5500030517578,180.27992248535156,484.14996337890625,436.0865478515625,251.50999450683594
2024-07-23,223.07760620117188,186.41000366210938,180.39898681640625,485.431396484375,437.9670104980469,246.3800048828125
2024-07-24,216.66314697265625,180.8300018310547,171.30909729003906,458.1942443847656,422.2637939453125,215.99000549316406
2024-07-25,215.62217712402344,179.85000610351562,166.00001525878906,450.3866882324219,411.9263000488281,220.25
2024-07-26,216.08816528320312,182.5,165.72215270996094,462.59466552734375,418.6899719238281,219.8000030517578
2024-07-29,216.36575317382812,183.1999969482422,168.23280334472656,462.6046447753906,420.12738037109375,232.10000610351562
2024-07-30,216.9209442138672,181.7100067138672,168.9869842529297,460.10137939453125,416.3763427734375,222.6199951171875
2024-07-31,220.17274475097656,186.97999572753906,170.2274169921875,471.663818359375,411.8770446777344,232.07000732421875
2024-08-01,216.48472595214844,184.07000732421875,169.4534149169922,494.4210510253906,410.65625,216.86000061035156
2024-08-02,217.97181701660156,167.89999389648438,165.38478088378906,484.8850402832031,402.1695861816406,207.6699981689453
2024-08-05,207.47279357910156,161.02000427246094,158.03146362304688,472.55780029296875,389.03594970703125,198.8800048828125
2024-08-06,205.45028686523438,161.92999267578125,157.07882690429688,490.79541015625,393.427001953125,200.63999938964844
2024-08-07,208.01805114746094,162.77000427246094,157.72384643554688,485.6598815917969,392.2652587890625,191.75999450683594
2024-08-08,211.47808837890625,165.8000030517578,160.79019165039062,506.2317810058594,396.4593505859375,198.83999633789062
2024-08-09,214.3829345703125,166.94000244140625,162.4176483154297,514.3175048828125,399.7378234863281,200.0
2024-08-12,215.91148376464844,166.8000030517578,161.04820251464844,512.5096435546875,400.515625,197.49000549316406
2024-08-13,219.62364196777344,170.22999572753906,162.90390014648438,525.0156860351562,407.60418701171875,207.8300018310547
2024-08-14,220.07029724121094,170.10000610351562,159.1428985595703,523.24755859375,410.41009521484375,201.3800048828125
2024-08-15,223.0479736328125,177.58999633789062,160.06581115722656,533.7470092773438,415.2626953125,214.13999938964844
2024-08-16,224.3680877685547,177.05999755859375,161.7130889892578,523.903076171875,412.7377624511719,216.1199951171875
2024-08-19,224.20925903320312,178.22000122070312,165.39468383789062,525.7506713867188,415.755859375,222.72000122070312
2024-08-20,224.82464599609375,178.8800048828125,165.90078735351562,523.2177124023438,418.9810791015625,221.10000610351562
2024-08-21,224.71546936035156,180.11000061035156,164.58096313476562,531.5914916992188,418.3301086425781,223.27000427246094
2024-08-22,222.85939025878906,176.1300048828125,162.54666137695312,528.3829956054688,409.8577575683594,210.66000366210938
2024-08-23,225.15219116210938,177.0399932861328,164.35272216796875,524.479248046875,411.080810546875,220.32000732421875
2024-08-26,225.4896697998047,175.5,164.88861083984375,517.6451416015625,407.8260192871094,213.2100067138672
2024-08-27,226.33334350585938,173.1199951171875,163.41990661621094,515.638671875,408.17120361328125,209.2100067138672
2024-08-28,224.8048095703125,170.8000030517578,161.60391235351562,513.3341064453125,404.9755554199219,205.75
2024-08-29,228.08023071289062,172.1199951171875,160.54212951660156,514.764404296875,407.4610900878906,206.27999877929688
2024-08-30,227.29612731933594,178.5,162.1298828125,517.8338012695312,411.4259948730469,214.11000061035156
2024-09-03,221.1125030517578,176.25,156.15591430664062,508.3475341796875,403.8314514160156,210.60000610351562
2024-09-04,219.20677185058594,173.3300018310547,155.25289916992188,509.32098388671875,403.2988586425781,219.41000366210938
2024-09-05,220.7253875732422,177.88999938964844,156.036865234375,513.4135131835938,402.7958679199219,230.1699981689453
2024-09-06,219.177001953125,171.38999938964844,149.76519775390625,496.93414306640625,396.197509765625,210.72999572753906
2024-09-09,219.26632690429688,175.39999389648438,147.7679443359375,501.42401123046875,400.16241455078125,216.27000427246094
2024-09-10,218.47227478027344,179.5500030517578,147.71826171875,501.42401123046875,408.5262756347656,226.1699981689453
2024-09-11,221.00331115722656,184.52000427246094,150.20242309570312,508.41705322265625,417.2452087402344,228.1300048828125
2024-09-12,221.1125030517578,187.0,153.71005249023438,522.09521484375,421.1509094238281,229.80999755859375
2024-09-13,220.844482421875,186.49000549316406,156.4625244140625,521.1218872070312,424.69171142578125,230.2899932861328
2024-09-16,214.71047973632812,184.88999938964844,157.05870056152344,530.2294921875,425.4314880371094,226.77999877929688
2024-09-17,215.17697143554688,186.8800048828125,158.3107147216797,533.2520751953125,429.18927001953125,227.8699951171875
2024-09-18,219.04794311523438,186.42999267578125,158.79763793945312,534.8726806640625,424.90875244140625,227.1999969482422
2024-09-19,227.1670684814453,189.8699951171875,161.11285400390625,555.9016723632812,432.6807861328125,243.9199981689453
2024-09-20,226.5020751953125,191.60000610351562,162.55368041992188,558.1387939453125,429.3075866699219,238.25
2024-09-23,224.7849578857422,193.8800048828125,160.82469177246094,561.1812133789062,427.5717468261719,250.0
2024-09-24,225.67825317382812,193.9600067138672,161.2619171142578,560.1074829101562,423.2912292480469,254.27000427246094
2024-09-25,224.68568420410156,192.52999877929688,160.46697998046875,565.0590209960938,426.19091796875,257.0199890136719
2024-09-26,225.82713317871094,191.16000366210938,161.69912719726562,564.591796875,425.40185546875,254.22000122070312
2024-09-27,226.09512329101562,187.97000122070312,162.911376953125,564.114501953125,422.15692138671875,260.4599914550781
2024-09-30,231.266357421875,186.3300018310547,164.7993621826172,569.1654052734375,424.4056701660156,261.6300048828125
2024-10-01,224.52688598632812,185.1300048828125,165.93214416503906,573.1723022460938,414.9273681640625,258.0199890136719
2024-10-02,225.09263610839844,184.75999450683594,164.80931091308594,569.5332641601562,411.4161376953125,249.02000427246094
2024-10-03,223.9908905029297,181.9600067138672,164.80931091308594,579.436279296875,410.8341979980469,240.66000366210938
2024-10-04,225.11248779296875,186.50999450683594,166.00169372558594,592.531005859375,410.3608093261719,250.0800018310547
2024-10-07,220.04052734375,180.8000030517578,161.94752502441406,581.434814453125,403.93011474609375,240.8300018310547
2024-10-08,224.0901641845703,182.72000122070312,163.33868408203125,589.498291015625,409.0292663574219,244.5
2024-10-09,227.83209228515625,185.1699981689453,160.8346710205078,587.1319580078125,411.7415771484375,241.0500030517578
2024-10-10,227.3358154296875,186.64999389648438,161.05323791503906,580.490234375,410.1437683105469,238.77000427246094
2024-10-11,225.85690307617188,188.82000732421875,162.2058868408203,586.5751953125,410.61724853515625,217.8000030517578
2024-10-14,229.57901000976562,187.5399932861328,163.91500854492188,587.0425415039062,413.3985900878906,219.16000366210938
2024-10-15,232.11004638671875,187.69000244140625,164.41183471679688,582.916259765625,413.0040588378906,219.57000732421875
2024-10-16,230.05543518066406,186.88999938964844,164.1137237548828,573.4905395507812,410.419921875,221.3300018310547
2024-10-17,230.4226837158203,187.52999877929688,161.8978271484375,573.6296997070312,411.0117492675781,220.88999938964844
2024-10-18,233.25146484375,188.99000549316406,162.384765625,573.1723022460938,412.4320068359375,220.6999969482422
2024-10-21,234.72044372558594,189.07000732421875,163.03065490722656,571.8697509765625,413.04351806640625,218.85000610351562
2024-10-22,234.10507202148438,189.6999969482422,164.0938720703125,578.6806030273438,421.6539001464844,217.97000122070312
2024-10-23,229.0430450439453,184.7100067138672,161.74880981445312,560.4653930664062,418.7838134765625,213.64999389648438
2024-10-24,228.8544464111328,186.3800048828125,161.68917846679688,564.5321044921875,418.9119873046875,260.4800109863281
2024-10-25,229.68820190429688,187.8300018310547,164.22305297851562,569.9707641601562,422.2851257324219,269.19000244140625
2024-10-28,231.66339111328125,188.38999938964844,165.66384887695312,574.8526000976562,420.7465515136719,262.510009765625
2024-10-29,231.9313507080078,190.8300018310547,168.60508728027344,589.88623046875,426.0331115722656,259.5199890136719
2024-10-30,228.38792419433594,192.72999572753906,173.35482788085938,588.4146118164062,426.605224609375,257.54998779296875
2024-10-31,224.2291259765625,186.39999389648438,170.02601623535156,564.3330688476562,400.78375244140625,249.85000610351562
2024-11-01,221.25143432617188,197.92999267578125,170.2048797607422,563.9155883789062,404.7487487792969,248.97999572753906
2024-11-04,220.35812377929688,195.77999877929688,168.16787719726562,557.47265625,402.8648986816406,242.83999633789062
2024-11-05,221.78741455078125,199.5,168.66473388671875,569.1554565429688,405.8237609863281,251.44000244140625
2024-11-06,221.0628662109375,207.08999633789062,175.39181518554688,568.777587890625,414.4243469238281,288.5299987792969
2024-11-07,225.7874298095703,210.0500030517578,179.60496520996094,588.315185546875,419.6024169921875,296.9100036621094
2024-11-08,225.51914978027344,208.17999267578125,177.22018432617188,585.9686889648438,416.75201416015625,321.2200012207031
2024-11-11,222.8064727783203,206.83999633789062,179.20751953125,579.833984375,412.2840881347656,350.0
2024-11-12,222.8064727783203,208.91000366210938,180.46945190429688,581.4745483398438,417.23529052734375,328.489990234375
2024-11-13,223.69081115722656,214.10000610351562,177.74681091308594,576.6821899414062,419.3756103515625,330.239990234375
2024-11-14,226.77114868164062,211.47999572753906,174.4677276611328,573.8583374023438,421.0424499511719,311.17999267578125
2024-11-15,223.5715789794922,202.61000061035156,171.39732360839844,550.910400390625,409.3153076171875,320.7200012207031
2024-11-18,226.5724334716797,201.6999969482422,174.18948364257812,551.2286376953125,410.06488037109375,338.739990234375
2024-11-19,226.8307647705078,204.61000061035156,176.99163818359375,557.8804321289062,412.06707763671875,346.0
2024-11-20,227.54620361328125,202.8800048828125,174.86517333984375,562.2849731445312,409.7985534667969,342.0299987792969
2024-11-21,227.06924438476562,198.3800048828125,166.56809997558594,559.868896484375,408.0295715332031,339.6400146484375
2024-11-22,228.41067504882812,197.1199951171875,163.7162628173828,555.9414672851562,412.11114501953125,352.55999755859375
2024-11-25,231.39163208007812,201.4499969482422,166.58792114257812,561.8773193359375,413.8801574707031,338.5899963378906
2024-11-26,233.56771850585938,207.86000061035156,168.04864501953125,570.2590942382812,422.9722900390625,338.2300109863281
2024-11-27,233.4385528564453,205.74000549316406,168.157958984375,565.9440307617188,418.0309143066406,332.8900146484375
2024-11-29,235.8233184814453,207.88999938964844,167.87973022460938,571.0346069335938,418.49542236328125,345.1600036621094
2024-12-02,238.06895446777344,210.7100067138672,170.4036407470703,589.438720703125,425.9272766113281,357.0899963378906
2024-12-03,241.10952758789062,213.44000244140625,170.2545928955078,610.1396484375,426.1446533203125,351.4200134277344
2024-12-04,241.46725463867188,218.16000366210938,173.26536560058594,610.2689208984375,432.2917785644531,357.92999267578125
2024-12-05,241.4970703125,220.5500030517578,171.5463409423828,605.4467163085938,437.4308166503906,369.489990234375
2024-12-06,241.29833984375,227.02999877929688,173.60324096679688,620.2018432617188,438.3696594238281,389.2200012207031
2024-12-09,245.18350219726562,226.08999633789062,174.45875549316406,610.0601196289062,440.7909240722656,389.7900085449219
2024-12-10,246.19703674316406,225.0399932861328,184.20787048339844,615.7772216796875,438.1324768066406,400.989990234375
2024-12-11,244.92518615722656,230.25999450683594,194.3846893310547,629.060791015625,443.72613525390625,424.7699890136719
2024-12-12,246.3858184814453,228.97000122070312,190.96258544921875,627.1814575195312,444.2894592285156,418.1000061035156
2024-12-13,246.5547637939453,227.4600067138672,188.83370971679688,616.80126953125,442.0262756347656,436.2300109863281
2024-12-16,249.44625854492188,232.92999267578125,195.63815307617188,621.1697387695312,446.2956237792969,463.0199890136719
2024-12-17,251.87078857421875,231.14999389648438,194.40457153320312,616.3933715820312,449.1319580078125,479.8599853515625
2024-12-18,246.47525024414062,220.52000427246094,187.4210662841797,594.2527465820312,432.2621154785156,440.1300048828125
2024-12-19,248.20420837402344,223.2899932861328,187.53048706054688,592.6407470703125,431.90631103515625,436.1700134277344
2024-12-20,252.87435913085938,224.9199981689453,190.41542053222656,582.3714599609375,431.48138427734375,421.05999755859375
2024-12-23,253.6494140625,225.05999755859375,193.6186981201172,596.8995971679688,430.147216796875,430.6000061035156
2024-12-24,256.5608215332031,229.0500030517578,195.0909881591797,604.7607421875,434.1793518066406,462.2799987792969
2024-12-26,257.3755798339844,227.0500030517578,194.58364868164062,600.3825073242188,432.9736633300781,454.1300048828125
2024-12-27,253.9673614501953,223.75,191.7583770751953,596.85986328125,425.48248291015625,431.6600036621094
2024-12-30,250.59889221191406,221.3000030517578,190.24630737304688,588.3319091796875,419.849365234375,417.4100036621094
2024-12-31,248.83021545410156,219.38999938964844,188.31639099121094,582.6301879882812,416.55841064453125,403.8399963378906
